sl_atr_mult,tp1_atr_mult,tp2_atr_mult,tp3_atr_mult,trailing_activation_atr_mult,tr_n_trades,tr_winrate,tr_PF,tr_total_ret,tr_CAGR,tr_Sharpe,tr_Sortino,tr_MaxDD,tr_avg_bars,te_n_trades,te_winrate,te_PF,te_total_ret,te_CAGR,te_Sharpe,te_Sortino,te_MaxDD,te_avg_bars
2.0,1.0,3.5,8.0,2.0,38,63.1578947368421,2.5107548747460036,49.23659594602947,5.899844347902583,0.7846770995960605,0.8310508891523153,-10.672514813677282,30.18421052631579,14,57.14285714285714,2.9572988534332567,25.310223035573397,7.786799829027591,1.227154380406741,1.3934474660091305,-5.576925524573389,36.92857142857143
1.0,1.0,3.5,8.0,3.0,41,46.34146341463415,2.5175190624378225,44.50134148665816,5.412064477881762,0.7676403523704999,0.7927856753938148,-12.41696042749817,27.073170731707318,17,41.17647058823529,3.2061407187678532,28.339260059405124,8.645821692399336,1.4773458613164963,1.5254666930328502,-6.165383796312198,26.176470588235293
1.0,1.0,3.5,8.0,2.0,47,48.93617021276596,2.3289338616042325,43.42456472434464,5.2992370958735435,0.7609117357229737,0.7812631139676273,-12.416960427498092,22.574468085106382,19,42.10526315789473,2.6386674805264065,20.671298725660826,6.443926952427392,1.1262904202410842,1.1813325874773024,-8.078830304982695,22.894736842105264
2.0,1.0,3.5,8.0,3.0,35,57.14285714285714,2.522380421896782,47.16144693528746,5.687739374607581,0.7445748550628611,0.8018787302466623,-10.672514813677283,34.2,14,50.0,2.842895219076336,27.672728230904852,8.457967280877465,1.3425878920900514,1.4986807245106193,-5.576925524573389,36.357142857142854
2.0,1.0,2.5,8.0,2.0,38,63.1578947368421,2.3959282021359973,45.01228626322309,5.465350736678243,0.7441163821801833,0.7797955795809958,-11.034081870247354,30.18421052631579,14,57.14285714285714,2.843681023691691,23.83345826168206,7.36296233415441,1.195016799082112,1.336944711044968,-5.5836362323568665,36.92857142857143
