sl_atr_mult,tp1_atr_mult,tp2_atr_mult,tp3_atr_mult,trailing_activation_atr_mult,mean_Sharpe,std_Sharpe,min_Sharpe,mean_PF,mean_DD,worst_DD,mean_Ret,mean_Trades,mean_WinR,n_folds
2.5,2.0,3.5,6.0,3.0,0.7376573695673313,0.2589607020692214,0.542182953151929,1.2647550817340958,-7.195389215831683,-8.411394381151982,3.6198277397249345,5.333333333333333,47.61904761904761,3
2.5,2.0,5.0,6.0,3.0,0.6807849296550543,0.28086801177773113,0.5186206528533154,1.2077220988139403,-7.1953892158317005,-8.411394381151995,3.3772026237002852,5.333333333333333,47.61904761904761,3
